<annotation verified="yes">
	<folder>traffic_sign_frames</folder>
	<filename>Screen Recording 2025-02-27 at 8.05.39 AM.mov_820.jpg</filename>
	<path>/home/tin/TSF-2025-Car/traffic_sign_frames/Screen Recording 2025-02-27 at 8.05.39 AM.mov_820.jpg</path>
	<source>
		<database>Unknown</database>
	</source>
	<size>
		<width>408</width>
		<height>408</height>
		<depth>3</depth>
	</size>
	<segmented>0</segmented>
	<object>
		<name>person</name>
		<pose>Unspecified</pose>
		<truncated>0</truncated>
		<difficult>0</difficult>
		<bndbox>
			<xmin>93</xmin>
			<ymin>197</ymin>
			<xmax>116</xmax>
			<ymax>230</ymax>
		</bndbox>
	</object>
	<object>
		<name>stop</name>
		<pose>Unspecified</pose>
		<truncated>0</truncated>
		<difficult>0</difficult>
		<bndbox>
			<xmin>247</xmin>
			<ymin>190</ymin>
			<xmax>253</xmax>
			<ymax>195</ymax>
		</bndbox>
	</object>
</annotation>
