<annotation verified="yes">
	<folder>traffic_sign_frames</folder>
	<filename>Screen Recording 2025-02-27 at 8.01.35 AM.mov_370.jpg</filename>
	<path>/home/tin/TSF-2025-Car/traffic_sign_frames/Screen Recording 2025-02-27 at 8.01.35 AM.mov_370.jpg</path>
	<source>
		<database>Unknown</database>
	</source>
	<size>
		<width>408</width>
		<height>408</height>
		<depth>3</depth>
	</size>
	<segmented>0</segmented>
	<object>
		<name>20</name>
		<pose>Unspecified</pose>
		<truncated>0</truncated>
		<difficult>0</difficult>
		<bndbox>
			<xmin>60</xmin>
			<ymin>161</ymin>
			<xmax>99</xmax>
			<ymax>200</ymax>
		</bndbox>
	</object>
	<object>
		<name>person</name>
		<pose>Unspecified</pose>
		<truncated>0</truncated>
		<difficult>0</difficult>
		<bndbox>
			<xmin>124</xmin>
			<ymin>201</ymin>
			<xmax>156</xmax>
			<ymax>256</ymax>
		</bndbox>
	</object>
	<object>
		<name>person</name>
		<pose>Unspecified</pose>
		<truncated>0</truncated>
		<difficult>0</difficult>
		<bndbox>
			<xmin>67</xmin>
			<ymin>268</ymin>
			<xmax>151</xmax>
			<ymax>376</ymax>
		</bndbox>
	</object>
	<object>
		<name>person</name>
		<pose>Unspecified</pose>
		<truncated>0</truncated>
		<difficult>0</difficult>
		<bndbox>
			<xmin>248</xmin>
			<ymin>195</ymin>
			<xmax>290</xmax>
			<ymax>278</ymax>
		</bndbox>
	</object>
	<object>
		<name>person</name>
		<pose>Unspecified</pose>
		<truncated>0</truncated>
		<difficult>0</difficult>
		<bndbox>
			<xmin>195</xmin>
			<ymin>184</ymin>
			<xmax>218</xmax>
			<ymax>215</ymax>
		</bndbox>
	</object>
	<object>
		<name>person</name>
		<pose>Unspecified</pose>
		<truncated>0</truncated>
		<difficult>0</difficult>
		<bndbox>
			<xmin>204</xmin>
			<ymin>203</ymin>
			<xmax>227</xmax>
			<ymax>239</ymax>
		</bndbox>
	</object>
	<object>
		<name>stop</name>
		<pose>Unspecified</pose>
		<truncated>0</truncated>
		<difficult>0</difficult>
		<bndbox>
			<xmin>169</xmin>
			<ymin>225</ymin>
			<xmax>202</xmax>
			<ymax>241</ymax>
		</bndbox>
	</object>
	<object>
		<name>30</name>
		<pose>Unspecified</pose>
		<truncated>0</truncated>
		<difficult>0</difficult>
		<bndbox>
			<xmin>176</xmin>
			<ymin>169</ymin>
			<xmax>198</xmax>
			<ymax>198</ymax>
		</bndbox>
	</object>
	<object>
		<name>red</name>
		<pose>Unspecified</pose>
		<truncated>0</truncated>
		<difficult>0</difficult>
		<bndbox>
			<xmin>138</xmin>
			<ymin>167</ymin>
			<xmax>161</xmax>
			<ymax>191</ymax>
		</bndbox>
	</object>
	<object>
		<name>40</name>
		<pose>Unspecified</pose>
		<truncated>0</truncated>
		<difficult>0</difficult>
		<bndbox>
			<xmin>219</xmin>
			<ymin>172</ymin>
			<xmax>241</xmax>
			<ymax>192</ymax>
		</bndbox>
	</object>
	<object>
		<name>50</name>
		<pose>Unspecified</pose>
		<truncated>0</truncated>
		<difficult>0</difficult>
		<bndbox>
			<xmin>279</xmin>
			<ymin>171</ymin>
			<xmax>296</xmax>
			<ymax>190</ymax>
		</bndbox>
	</object>
</annotation>
