<annotation verified="yes">
	<folder>traffic_sign_frames</folder>
	<filename>Screen Recording 2025-02-27 at 8.07.15 AM.mov_630.jpg</filename>
	<path>/home/tin/TSF-2025-Car/traffic_sign_frames/Screen Recording 2025-02-27 at 8.07.15 AM.mov_630.jpg</path>
	<source>
		<database>Unknown</database>
	</source>
	<size>
		<width>408</width>
		<height>408</height>
		<depth>3</depth>
	</size>
	<segmented>0</segmented>
	<object>
		<name>40</name>
		<pose>Unspecified</pose>
		<truncated>0</truncated>
		<difficult>0</difficult>
		<bndbox>
			<xmin>209</xmin>
			<ymin>178</ymin>
			<xmax>232</xmax>
			<ymax>199</ymax>
		</bndbox>
	</object>
	<object>
		<name>person</name>
		<pose>Unspecified</pose>
		<truncated>0</truncated>
		<difficult>0</difficult>
		<bndbox>
			<xmin>224</xmin>
			<ymin>241</ymin>
			<xmax>294</xmax>
			<ymax>321</ymax>
		</bndbox>
	</object>
	<object>
		<name>person</name>
		<pose>Unspecified</pose>
		<truncated>0</truncated>
		<difficult>0</difficult>
		<bndbox>
			<xmin>198</xmin>
			<ymin>213</ymin>
			<xmax>217</xmax>
			<ymax>225</ymax>
		</bndbox>
	</object>
	<object>
		<name>red</name>
		<pose>Unspecified</pose>
		<truncated>0</truncated>
		<difficult>0</difficult>
		<bndbox>
			<xmin>263</xmin>
			<ymin>135</ymin>
			<xmax>294</xmax>
			<ymax>171</ymax>
		</bndbox>
	</object>
</annotation>
