<annotation verified="yes">
	<folder>traffic_sign_frames</folder>
	<filename>Screen Recording 2025-02-27 at 8.01.35 AM.mov_1000.jpg</filename>
	<path>/home/tin/TSF-2025-Car/traffic_sign_frames/Screen Recording 2025-02-27 at 8.01.35 AM.mov_1000.jpg</path>
	<source>
		<database>Unknown</database>
	</source>
	<size>
		<width>408</width>
		<height>408</height>
		<depth>3</depth>
	</size>
	<segmented>0</segmented>
	<object>
		<name>person</name>
		<pose>Unspecified</pose>
		<truncated>0</truncated>
		<difficult>0</difficult>
		<bndbox>
			<xmin>168</xmin>
			<ymin>222</ymin>
			<xmax>201</xmax>
			<ymax>288</ymax>
		</bndbox>
	</object>
	<object>
		<name>20</name>
		<pose>Unspecified</pose>
		<truncated>0</truncated>
		<difficult>0</difficult>
		<bndbox>
			<xmin>254</xmin>
			<ymin>195</ymin>
			<xmax>285</xmax>
			<ymax>217</ymax>
		</bndbox>
	</object>
	<object>
		<name>green</name>
		<pose>Unspecified</pose>
		<truncated>0</truncated>
		<difficult>0</difficult>
		<bndbox>
			<xmin>232</xmin>
			<ymin>179</ymin>
			<xmax>251</xmax>
			<ymax>198</ymax>
		</bndbox>
	</object>
	<object>
		<name>stop</name>
		<pose>Unspecified</pose>
		<truncated>0</truncated>
		<difficult>0</difficult>
		<bndbox>
			<xmin>203</xmin>
			<ymin>253</ymin>
			<xmax>231</xmax>
			<ymax>281</ymax>
		</bndbox>
	</object>
	<object>
		<name>person</name>
		<pose>Unspecified</pose>
		<truncated>0</truncated>
		<difficult>0</difficult>
		<bndbox>
			<xmin>280</xmin>
			<ymin>217</ymin>
			<xmax>306</xmax>
			<ymax>263</ymax>
		</bndbox>
	</object>
</annotation>
