<annotation verified="yes">
	<folder>traffic_sign_frames</folder>
	<filename>Screen Recording 2025-02-27 at 8.01.35 AM.mov_2230.jpg</filename>
	<path>/home/tin/TSF-2025-Car/traffic_sign_frames/Screen Recording 2025-02-27 at 8.01.35 AM.mov_2230.jpg</path>
	<source>
		<database>Unknown</database>
	</source>
	<size>
		<width>408</width>
		<height>408</height>
		<depth>3</depth>
	</size>
	<segmented>0</segmented>
	<object>
		<name>red</name>
		<pose>Unspecified</pose>
		<truncated>0</truncated>
		<difficult>0</difficult>
		<bndbox>
			<xmin>244</xmin>
			<ymin>193</ymin>
			<xmax>268</xmax>
			<ymax>210</ymax>
		</bndbox>
	</object>
	<object>
		<name>person</name>
		<pose>Unspecified</pose>
		<truncated>0</truncated>
		<difficult>0</difficult>
		<bndbox>
			<xmin>192</xmin>
			<ymin>239</ymin>
			<xmax>219</xmax>
			<ymax>288</ymax>
		</bndbox>
	</object>
	<object>
		<name>stop</name>
		<pose>Unspecified</pose>
		<truncated>0</truncated>
		<difficult>0</difficult>
		<bndbox>
			<xmin>219</xmin>
			<ymin>264</ymin>
			<xmax>249</xmax>
			<ymax>295</ymax>
		</bndbox>
	</object>
	<object>
		<name>20</name>
		<pose>Unspecified</pose>
		<truncated>0</truncated>
		<difficult>0</difficult>
		<bndbox>
			<xmin>261</xmin>
			<ymin>218</ymin>
			<xmax>283</xmax>
			<ymax>237</ymax>
		</bndbox>
	</object>
	<object>
		<name>person</name>
		<pose>Unspecified</pose>
		<truncated>0</truncated>
		<difficult>0</difficult>
		<bndbox>
			<xmin>293</xmin>
			<ymin>235</ymin>
			<xmax>324</xmax>
			<ymax>282</ymax>
		</bndbox>
	</object>
	<object>
		<name>stop</name>
		<pose>Unspecified</pose>
		<truncated>0</truncated>
		<difficult>0</difficult>
		<bndbox>
			<xmin>341</xmin>
			<ymin>254</ymin>
			<xmax>373</xmax>
			<ymax>274</ymax>
		</bndbox>
	</object>
</annotation>
